{"mean": [2.5, 5.5196, 5.048360000000001], "scale": [1.6943435306926398, 2.8464742823359566, 2.8679695448871136], "var": [2.8708, 8.102415839999999, 8.225249310399999], "n_in": 3}